t***3,2017-04-14 22:43:33,此用户没有填写评论!
天***4,2017-04-14 20:56:06,此用户没有填写评论!
大***c,2017-04-13 11:35:06,此用户没有填写评论!
盱***世,2017-04-10 21:45:26,此用户没有填写评论!
静***幽,2017-04-06 12:51:33,此用户没有填写评论!
t***2,2017-04-06 08:47:31,此用户没有填写评论!
天***h,2017-04-06 06:24:06,此用户没有填写评论!
p***9,2017-04-05 23:33:38,此用户没有填写评论!
终***孩,2017-04-04 10:46:23,此用户没有填写评论!
k***0,2017-04-03 23:39:29,此用户没有填写评论!
四***惑,2017-04-01 13:22:22,此用户没有填写评论!
方***h,2017-03-31 13:25:39,此用户没有填写评论!
狰***y,2017-03-29 07:52:04,好
h***1,2017-03-26 16:23:35,此用户没有填写评论!
k***5,2017-03-26 09:15:34,此用户没有填写评论!
d***8,2017-03-25 09:08:13,此用户没有填写评论!
微***8,2017-03-24 19:44:45,此用户没有填写评论!
独***5,2017-03-22 17:07:43,此用户没有填写评论!
6***a,2017-03-22 14:32:57,此用户没有填写评论!
找***林,2017-03-22 10:40:33,此用户没有填写评论!
抹***n,2017-03-21 20:25:27,挺好的
t***5,2017-03-20 16:50:52,此用户没有填写评论!
h***3,2017-03-20 09:17:05,此用户没有填写评论!
l***9,2017-03-19 20:51:01,此用户没有填写评论!
y***6,2017-03-16 20:06:55,此用户没有填写评论!
t***y,2017-03-14 21:28:46,此用户没有填写评论!
s***4,2017-03-11 15:35:39,此用户没有填写评论!
h***3,2017-03-10 12:52:45,好请假
a***o,2017-03-10 11:08:06,此用户没有填写评论!
s***e,2017-03-09 20:36:13,此用户没有填写评论!
t***1,2017-03-09 16:37:12,此用户没有填写评论!
姚***灬,2017-03-09 14:44:43,此用户没有填写评论!
李***5,2017-03-08 15:49:12,此用户没有填写评论!
l***6,2017-03-07 23:47:39,此用户没有填写评论!
z***x,2017-03-07 19:13:12,此用户没有填写评论!
殇***年,2017-03-05 08:43:51,还好啦！
黑***5,2017-03-04 15:12:34,此用户没有填写评论!
y***n,2017-03-02 08:42:00,此用户没有填写评论!
福***轻,2017-03-01 22:19:06,此用户没有填写评论!
农***1,2017-03-01 15:15:51,此用户没有填写评论!
孤***红,2017-03-01 11:33:00,此用户没有填写评论!
s***0,2017-03-01 00:07:40,此用户没有填写评论!
t***5,2017-02-28 13:03:34,很好!
l***6,2017-02-27 19:53:12,此用户没有填写评论!
t***8,2017-02-27 18:36:52,此用户没有填写评论!
闲***6,2017-02-27 18:15:20,此用户没有填写评论!
t***2,2017-02-27 14:28:36,此用户没有填写评论!
v***y,2017-02-27 11:19:22,此用户没有填写评论!
m***6,2017-02-26 21:19:27,此用户没有填写评论!
转***遇,2017-02-24 18:30:45,此用户没有填写评论!
寒***0,2017-02-23 17:52:15,此用户没有填写评论!
c***6,2017-02-22 19:56:31,此用户没有填写评论!
o***o,2017-02-22 10:58:33,此用户没有填写评论!
z***2,2017-02-21 19:44:39,此用户没有填写评论!
t***5,2017-02-20 20:24:22,此用户没有填写评论!
淘***7,2017-02-20 00:15:54,此用户没有填写评论!
请***2,2017-02-19 16:06:23,此用户没有填写评论!
请***2,2017-02-19 16:06:09,此用户没有填写评论!
清***8,2017-02-19 13:26:54,此用户没有填写评论!
b***5,2017-02-19 01:31:24,此用户没有填写评论!
z***l,2017-02-18 14:13:55,此用户没有填写评论!
a***l,2017-02-18 11:32:14,此用户没有填写评论!
帅***y,2017-02-17 22:24:28,挺好
n***8,2017-02-16 08:59:57,此用户没有填写评论!
l***7,2017-02-11 17:14:26,此用户没有填写评论!
宝***玉,2017-02-10 20:39:59,此用户没有填写评论!
l***1,2017-02-10 19:16:00,此用户没有填写评论!
l***f,2017-02-10 11:17:53,此用户没有填写评论!
l***3,2017-02-08 13:57:41,此用户没有填写评论!
w***5,2017-02-06 16:00:49,此用户没有填写评论!
张***3,2017-02-05 23:29:05,此用户没有填写评论!
s***6,2017-01-24 00:29:11,此用户没有填写评论!
t***1,2017-01-22 21:12:18,送人的
s***l,2017-01-20 14:14:44,此用户没有填写评论!
y***5,2017-01-20 02:40:39,此用户没有填写评论!
莫***1,2017-01-19 15:50:09,此用户没有填写评论!
t***9,2017-01-18 21:07:25,很好
土***巴,2017-01-18 20:19:15,此用户没有填写评论!
z***5,2017-01-18 17:18:16,此用户没有填写评论!
t***8,2017-01-18 14:41:46,此用户没有填写评论!
s***0,2017-01-18 09:31:31,此用户没有填写评论!
x***h,2017-01-17 17:28:09,此用户没有填写评论!
f***e,2017-01-17 11:44:38,此用户没有填写评论!
西***汉,2017-01-16 12:02:17,此用户没有填写评论!
童***江,2017-01-15 23:09:17,此用户没有填写评论!
z***q,2017-01-15 16:37:08,此用户没有填写评论!
雨***0,2017-01-15 10:49:01,此用户没有填写评论!
宏***哥,2017-01-13 20:08:58,此用户没有填写评论!
2***g,2017-01-12 21:50:14,此用户没有填写评论!
1***0,2017-01-12 20:22:36,此用户没有填写评论!
s***r,2017-01-11 16:54:21,此用户没有填写评论!
初***3,2017-01-11 14:08:23,此用户没有填写评论!
张***0,2017-01-11 13:09:18,此用户没有填写评论!
1***q,2017-01-11 12:08:40,此用户没有填写评论!
阿***8,2017-01-11 12:01:26,此用户没有填写评论!
许***5,2017-01-10 21:45:56,很好
a***8,2017-01-09 20:07:59,此用户没有填写评论!
t***2,2017-01-09 18:59:03,此用户没有填写评论!
宇***0,2017-01-09 13:26:40,此用户没有填写评论!
t***2,2017-01-08 22:35:33,此用户没有填写评论!
双***缆,2017-01-08 21:07:49,此用户没有填写评论!
痞***飞,2017-01-08 20:07:32,东西是好。送的东西可以无视，送的移动电源太便宜了不敢用。
l***f,2017-01-08 19:53:07,此用户没有填写评论!
t***4,2017-01-08 14:20:17,小明
t***1,2017-01-08 14:14:46,此用户没有填写评论!
青***翠,2017-01-08 06:47:22,此用户没有填写评论!
霍***梅,2017-01-07 23:58:36,此用户没有填写评论!
r***姐,2017-01-07 23:47:16,此用户没有填写评论!
y***0,2017-01-07 14:13:29,此用户没有填写评论!
武***杉,2017-01-07 13:21:43,此用户没有填写评论!
杨***2,2017-01-07 03:31:06,此用户没有填写评论!
上***2,2017-01-06 14:27:59,此用户没有填写评论!
小***1,2017-01-05 21:12:21,此用户没有填写评论!
x***7,2017-01-05 19:30:13,此用户没有填写评论!
大***使,2017-01-05 17:05:01,此用户没有填写评论!
z***5,2017-01-05 13:47:12,此用户没有填写评论!
t***2,2017-01-05 12:18:54,不错
s***t,2017-01-04 19:55:13,此用户没有填写评论!
顺***乐,2017-01-04 19:27:14,此用户没有填写评论!
m***7,2017-01-04 14:24:09,此用户没有填写评论!
t***6,2017-01-04 12:59:54,此用户没有填写评论!
夜***6,2017-01-04 00:11:26,此用户没有填写评论!
c***n,2017-01-03 20:59:00,此用户没有填写评论!
h***6,2017-01-03 20:49:51,此用户没有填写评论!
江***0,2017-01-03 19:29:00,发货快
l***1,2017-01-03 17:28:24,此用户没有填写评论!
u***i,2017-01-03 16:03:44,此用户没有填写评论!
小***鱼,2017-01-02 08:41:58,此用户没有填写评论!
专***注,2017-01-01 15:27:19,正品
t***2,2017-01-01 13:23:27,很好很好！
l***8,2017-01-01 10:21:15,此用户没有填写评论!
b***0,2017-01-01 00:24:39,此用户没有填写评论!
一***8,2016-12-31 18:29:42,很不错
y***8,2016-12-31 18:01:54,此用户没有填写评论!
m***e,2016-12-31 16:35:00,此用户没有填写评论!
涵***天,2016-12-31 15:30:54,此用户没有填写评论!
雨***莲,2016-12-30 21:04:52,此用户没有填写评论!
随***猫,2016-12-30 15:00:52,此用户没有填写评论!
t***8,2016-12-29 21:02:34,不错
l***8,2016-12-29 21:01:23,此用户没有填写评论!
曾***么,2016-12-29 14:50:20,此用户没有填写评论!
x***6,2016-12-29 11:29:35,此用户没有填写评论!
北***8,2016-12-29 10:15:40,此用户没有填写评论!
星***f,2016-12-28 11:49:41,此用户没有填写评论!
q***2,2016-12-27 01:23:29,此用户没有填写评论!
天***7,2016-12-26 21:16:03,此用户没有填写评论!
l***6,2016-12-26 19:01:05,此用户没有填写评论!
y***1,2016-12-26 15:35:24,此用户没有填写评论!
z***4,2016-12-26 10:51:51,此用户没有填写评论!
刘***好,2016-12-25 21:24:37,此用户没有填写评论!
l***6,2016-12-25 20:38:19,此用户没有填写评论!
郭***6,2016-12-25 14:37:57,此用户没有填写评论!
g***0,2016-12-25 13:54:42,此用户没有填写评论!
l***o,2016-12-25 12:20:46,此用户没有填写评论!
d***i,2016-12-25 10:44:18,此用户没有填写评论!
样***6,2016-12-24 21:36:08,此用户没有填写评论!
腊***长,2016-12-24 14:40:28,很好用
s***9,2016-12-24 14:14:20,此用户没有填写评论!
t***5,2016-12-23 21:54:53,此用户没有填写评论!
t***6,2016-12-23 20:27:25,非常好！
z***o,2016-12-23 08:17:24,此用户没有填写评论!
x***e,2016-12-22 23:19:10,此用户没有填写评论!
t***3,2016-12-22 20:03:16,此用户没有填写评论!
t***2,2016-12-22 15:08:10,此用户没有填写评论!
t***1,2016-12-22 13:16:58,此用户没有填写评论!
v***8,2016-12-22 12:50:49,此用户没有填写评论!
g***s,2016-12-22 10:41:02,此用户没有填写评论!
q***t,2016-12-22 07:18:03,此用户没有填写评论!
l***o,2016-12-21 20:51:54,此用户没有填写评论!
m***s,2016-12-21 17:51:31,此用户没有填写评论!
w***2,2016-12-21 13:12:44,此用户没有填写评论!
l***6,2016-12-21 13:05:41,此用户没有填写评论!
h***m,2016-12-21 09:23:23,此用户没有填写评论!
d***3,2016-12-20 21:56:25,此用户没有填写评论!
咚***8,2016-12-20 14:37:37,此用户没有填写评论!
5***陌,2016-12-19 20:06:35,此用户没有填写评论!
l***a,2017-04-15 23:29:13,高大上的华为，店家发货神速，独享礼高端、实用。
t***3,2017-04-14 22:43:33,此用户没有填写评论!
天***4,2017-04-14 20:56:06,此用户没有填写评论!
一***想,2017-04-13 14:24:30,质量还可以，就是充电器坏的，叫卖家另外发一个充电器，没有发，这点挺不满意，希望能补发一个充电器
大***c,2017-04-13 11:35:06,此用户没有填写评论!
盱***世,2017-04-10 21:45:26,此用户没有填写评论!
t***9,2017-04-07 13:04:57,哎呦不错哦
静***幽,2017-04-06 12:51:33,此用户没有填写评论!
影***5,2017-04-06 10:08:50,用了一段时间才来评价，一句话，完爆苹果。下个月准备给老爸也买华为，支持这款机子，希望华为再接再厉
t***2,2017-04-06 08:47:31,此用户没有填写评论!
天***h,2017-04-06 06:24:06,此用户没有填写评论!
p***9,2017-04-05 23:33:38,此用户没有填写评论!
终***孩,2017-04-04 10:46:23,此用户没有填写评论!
k***0,2017-04-03 23:39:29,此用户没有填写评论!
四***惑,2017-04-01 13:22:22,此用户没有填写评论!
冰***冰,2017-04-01 01:06:46,很好用的手机，就是屏反应慢了点
方***h,2017-03-31 13:25:39,此用户没有填写评论!
狰***y,2017-03-29 07:52:04,好
f***7,2017-03-28 02:34:52,还不错，有点贵。
q***5,2017-03-27 19:38:16,手机是正品，物流包装保护的很小心，特别是客服小乔，服务很好，记得让老板给你加薪！不错的一次购物体验！全5分好评！
小***畅,2017-03-27 16:31:45,多次在这家店买手机了！推荐
g***o,2017-03-27 09:30:51,特地用了一段时间才来评价。 四个字，民族骄傲。
梦***7,2017-03-27 08:58:28,手机确实不错，反应快，充电也比去充手机快很多，大力推荐
c***1,2017-03-26 17:13:00,感觉还好 不知道用段时候怎么样？
h***1,2017-03-26 16:23:35,此用户没有填写评论!
c***4,2017-03-26 15:09:59,流畅 好 好 好 还可以 好
k***5,2017-03-26 09:15:34,此用户没有填写评论!
d***8,2017-03-25 09:08:13,此用户没有填写评论!
1***a,2017-03-25 07:01:29,自拍杆怎么用呢
微***8,2017-03-24 19:44:45,此用户没有填写评论!
1***w,2017-03-22 18:28:03,手机用了几天，很好用，没买苹果，支持国货没毛病。就是卖家的发货有点慢，当时已经两天了没发货，我已经想退货了。希望卖家能继续努力
独***5,2017-03-22 17:07:43,此用户没有填写评论!
6***a,2017-03-22 14:32:57,此用户没有填写评论!
找***林,2017-03-22 10:40:33,此用户没有填写评论!
t***2,2017-03-22 08:55:22,还不错，发货也很快。
抹***n,2017-03-21 20:25:27,挺好的
t***5,2017-03-20 16:50:52,此用户没有填写评论!
岑***红,2017-03-20 10:23:58,送的东西一件都没用上，掉档次，手机总的来说还不错
h***3,2017-03-20 09:17:05,此用户没有填写评论!
l***9,2017-03-19 20:51:01,此用户没有填写评论!
梁***6,2017-03-18 20:12:41,绝对可以，正品。
晋***颜,2017-03-18 16:55:34,手机还要使用了才知道好和不好，毕竟我都是挂着爱国的名义抛掉了水果来买的8然后又换的9，家里的也全是华为了， 保值的话还是水果的保值，8的话我用一年商家回收说是400块，水果6的话就是2000往上。没法比 以上都可以原谅，但是你们客服的售后回复能不能稍微快一点，每次问个问题要等半个小时。。。。
j***1,2017-03-18 13:57:32,一如既往的支持华为！华为加油！中国加油！
诚***4,2017-03-18 11:39:39,<b></b>此<b></b>用<b></b>户<b></b>没<b></b>有<b></b>填<b></b>写<b></b>评<b></b>论<b></b>!<b></b>
p***o,2017-03-18 09:33:23,很棒 很棒 一流 遗留 流畅 非常好
y***6,2017-03-16 20:06:55,此用户没有填写评论!
q***1,2017-03-16 16:31:56,Goods were delivered on time. No issues.
t***y,2017-03-14 21:28:46,此用户没有填写评论!
s***4,2017-03-11 15:35:39,此用户没有填写评论!
g***e,2017-03-10 15:26:47,速度不错，终于可以换掉苹果了
h***4,2017-03-10 12:58:00,<b></b>此<b></b>用<b></b>户<b></b>没<b></b>有<b></b>填<b></b>写<b></b>评<b></b>论<b></b>!<b></b>
h***3,2017-03-10 12:52:45,好请假
芯***e,2017-03-10 12:38:26,帮别人买的，还不错目前使用
a***o,2017-03-10 11:08:06,此用户没有填写评论!
s***e,2017-03-09 20:36:13,此用户没有填写评论!
王***9,2017-03-09 17:43:05,充电速度很快，一个多小时就满了 拍照效果很好 声音也很好 信号和我之前那个老手机差不多，信号都不怎么地 这个很好，我三天才充一次电 必须全五分
t***1,2017-03-09 16:37:12,此用户没有填写评论!
姚***灬,2017-03-09 14:44:43,此用户没有填写评论!
y***0,2017-03-09 11:58:07,手机收到了，感觉挺不错的，手感特别好，就是曲屏不是特别明显，鲁大师跑了个分，也不知真的假的
李***5,2017-03-08 15:49:12,此用户没有填写评论!
l***6,2017-03-07 23:47:39,此用户没有填写评论!
z***x,2017-03-07 19:13:12,此用户没有填写评论!
飞***0,2017-03-07 16:42:55,手机非常的棒，物流也非常的快，收到货非常非常好。
王***草,2017-03-06 19:15:33,手机不错。官网还抢购，下三lan的手段。
齐***1,2017-03-06 17:14:41,挺不错的，用久了iso，换个系统用一下还是可以的。套餐送的东西，使手机掉范，指环竟然是塑料的
茆***年,2017-03-06 12:48:06,手机挺好 用了两天才来确认的
w***3,2017-03-05 08:52:37,手机不错，但那套餐包含的东西我表示完全没什么卵用，还有那张手机膜，简直亮瞎了我28k纯镁合金眼
殇***年,2017-03-05 08:43:51,还好啦！
t***7,2017-03-04 23:09:24,大气，值得购买
周***7,2017-03-04 21:21:17,手机非常漂亮，朋友看了都说好。用了几天，没啥问题，运行很快。
刀***1,2017-03-04 16:33:04,没有对比就没伤害，我在绿森2月7号下单，下单后说3天以后到货，三天后说是预售产品，反正就是个种推拖，退款还要求这要求那，这下单很快就有人联系你，至少不是系统来忽悠你，到货也很快，很满意
黑***5,2017-03-04 15:12:34,此用户没有填写评论!
x***8,2017-03-04 12:01:24,除了触屏还得改进外，都很不错了
t***h,2017-03-03 14:15:58,正品，很好。
8***华,2017-03-03 12:22:31,货已收到手感不错，在此感谢迪西的细心解和热情的服务谢谢
t***3,2017-03-02 15:56:30,买后就降价，几天降了500，我也是醉了，我一定是买了4000a的假电池，充满电，一天都用不了！运行炒股软件还会卡！现在想买的人一定要甚重，可以再等等，一个月后应该就降价到4000了！
l***8,2017-03-02 09:33:54,手机暂时没发现问题，送的东西质量不行，说的当天下单当天发货结果第三天才发货
y***n,2017-03-02 08:42:00,此用户没有填写评论!
福***轻,2017-03-01 22:19:06,此用户没有填写评论!
农***1,2017-03-01 15:15:51,此用户没有填写评论!
孤***红,2017-03-01 11:33:00,此用户没有填写评论!
s***0,2017-03-01 00:07:40,此用户没有填写评论!
t***5,2017-02-28 13:03:34,很好!
g***3,2017-02-28 07:28:51,速度挺快鲁大师能跑到147500左右
l***6,2017-02-27 19:53:12,此用户没有填写评论!
t***8,2017-02-27 18:36:52,此用户没有填写评论!
闲***6,2017-02-27 18:15:20,此用户没有填写评论!
t***2,2017-02-27 14:28:36,此用户没有填写评论!
v***y,2017-02-27 11:19:22,此用户没有填写评论!
托***加,2017-02-27 00:40:37,手机还好但我总感觉有点不太对劲
m***6,2017-02-26 21:19:27,此用户没有填写评论!
梦***8,2017-02-25 13:17:49,非常漂亮，如果有灰色更完美了
转***遇,2017-02-24 18:30:45,此用户没有填写评论!
寒***0,2017-02-23 17:52:15,此用户没有填写评论!
铁***胃,2017-02-23 16:31:38,用的挺舒服的 玫瑰金挺漂亮
金***月,2017-02-23 10:01:00,手机不错，而且售后的阿超服务态度很好，很满意！
t***2,2017-02-23 07:30:53,用用再来评论
c***6,2017-02-22 19:56:31,此用户没有填写评论!
s***4,2017-02-22 17:40:22,价格有点贵，不过东西还算满意，所以这也无所谓了，拍下当天就能发货，第2天就收到了，整体都非常不错 满意
o***o,2017-02-22 10:58:33,此用户没有填写评论!
f***9,2017-02-21 20:35:45,<b></b>此<b></b>用<b></b>户<b></b>没<b></b>有<b></b>填<b></b>写<b></b>评<b></b>论<b></b>!<b></b>
z***2,2017-02-21 19:44:39,此用户没有填写评论!
t***5,2017-02-20 20:24:22,此用户没有填写评论!
f***1,2017-02-20 14:03:54,很满意的一次，特别是发货速度和物流，特别要表扬客服豆豆还是小小的（原谅我忘了），服务态度好。
淘***7,2017-02-20 00:15:54,此用户没有填写评论!
请***2,2017-02-19 16:06:23,此用户没有填写评论!
请***2,2017-02-19 16:06:09,此用户没有填写评论!
清***8,2017-02-19 13:26:54,此用户没有填写评论!
b***5,2017-02-19 01:31:24,此用户没有填写评论!
t***3,2017-02-18 15:14:06,国产手机中的战斗力！功能强大，外观设计好！值得推介。
z***l,2017-02-18 14:13:55,此用户没有填写评论!
迷***1,2017-02-18 11:51:17,宝贝收到了！发顺丰，到的挺快的！虽然没有当天发，但总体感觉挺好！正品应该是，送的东西也都有！好评好评哟！
a***l,2017-02-18 11:32:14,此用户没有填写评论!
帅***y,2017-02-17 22:24:28,挺好
l***1,2017-02-17 20:09:12,外观漂亮，不知道功能如何。
t***1,2017-02-17 16:35:24,第二天顺丰就到了 又快又好
z***g,2017-02-17 09:08:54,丸子跟小糖糖服务不错，各加10分，请老板午餐加个?腿
n***8,2017-02-16 08:59:57,此用户没有填写评论!
t***3,2017-02-15 19:04:47,手机是别人退回来手机，背膜都没有，屏幕膜内有杂物。看在手机没问题的情况下好评
烟***店,2017-02-15 18:08:42,给搜搜美美，小晴?
m***v,2017-02-15 13:56:05,手机太美我不敢看，太精致了，超级超乎想象
唯***6,2017-02-14 22:43:40,比mate9好用！
睿***3,2017-02-14 08:48:05,好极了！比我的oppor7好用多了！也有信号了，手机也不卡了！
o***o,2017-02-13 09:05:20,颜值非常好，华为也有这么漂亮的机器了，为国货加油！运行速度一流，显示效果也很好，最大的优点还是漂亮！
l***7,2017-02-11 17:14:26,此用户没有填写评论!
宝***玉,2017-02-10 20:39:59,此用户没有填写评论!
l***1,2017-02-10 19:16:00,此用户没有填写评论!
l***f,2017-02-10 11:17:53,此用户没有填写评论!
l***3,2017-02-08 13:57:41,此用户没有填写评论!
w***5,2017-02-06 16:00:49,此用户没有填写评论!
张***3,2017-02-05 23:29:05,此用户没有填写评论!
1***生,2017-02-05 06:10:43,个人使用一个月感觉，宝贝超级好。加装一个原装保护壳，方便，快捷，灵敏，安全。OK!
水***蓉,2017-01-24 19:10:31,<b></b>此<b></b>用<b></b>户<b></b>没<b></b>有<b></b>填<b></b>写<b></b>评<b></b>论<b></b>!<b></b>
s***6,2017-01-24 00:29:11,此用户没有填写评论!
s***9,2017-01-23 15:09:56,好 不错 行 SOSO 好 终于春节前拿到了，满意
t***1,2017-01-22 21:12:18,送人的
d***f,2017-01-22 16:42:09,快 流畅 分辨率很高 服务态度好
t***2,2017-01-21 17:33:05,不错，预售商品发货都很快，很满意，在这家店买过两次了
s***l,2017-01-20 14:14:44,此用户没有填写评论!
y***5,2017-01-20 02:40:39,此用户没有填写评论!
b***a,2017-01-19 17:53:33,步步高升 我5000买的
莫***1,2017-01-19 15:50:09,此用户没有填写评论!
t***9,2017-01-18 21:07:25,很好
土***巴,2017-01-18 20:19:15,此用户没有填写评论!
z***5,2017-01-18 17:18:16,此用户没有填写评论!
曹***7,2017-01-18 16:39:30,宝贝 非常好 客服也不错 谢谢娟娟的帮助 应该是正品 感觉还可以
孔***8,2017-01-18 15:35:06,用了很久忘了评价，绝对好用！！！很赞
t***8,2017-01-18 14:41:46,此用户没有填写评论!
强***8,2017-01-18 12:20:44,很好用，反应很快，也很好看，手感也不错，手机大小刚刚好
s***0,2017-01-18 09:31:31,此用户没有填写评论!
x***h,2017-01-17 17:28:09,此用户没有填写评论!
f***e,2017-01-17 11:44:38,此用户没有填写评论!
f***5,2017-01-16 20:14:50,物流挺快的三天就到了 确实是有货而且感谢小粥妹妹的服务挺好 好评
西***汉,2017-01-16 12:02:17,此用户没有填写评论!
童***江,2017-01-15 23:09:17,此用户没有填写评论!
给***啊,2017-01-15 20:28:34,给别人买的，反映挺好，据说曲屏不是很明显。
z***q,2017-01-15 16:37:08,此用户没有填写评论!
大***打,2017-01-15 16:20:57,还行，在我放假之前送到了，
雨***0,2017-01-15 10:49:01,此用户没有填写评论!
c***脑,2017-01-13 23:17:21,<b></b>此<b></b>用<b></b>户<b></b>没<b></b>有<b></b>填<b></b>写<b></b>评<b></b>论<b></b>!<b></b>
宏***哥,2017-01-13 20:08:58,此用户没有填写评论!
白***言,2017-01-13 17:13:07,帮朋友买的，还行
t***3,2017-01-13 14:43:46,给，好评拿去！诶！不用、真不用&hellip;&hellip;快起来、这是干嘛，男儿膝下有黄金，虽然你是个妹子。哎、好吧好吧、那我也不勉强你了。嘿？&hellip;&hellip;你干什么、快放手！啊&hellip;&hellip;别啊、很脏的，店主你听我说，哦。啊&hellip;&hellip;这点好评&hellip;&hellip;啊&hellip;&hellip;快停下&hellip;&hellip;这点好评不算什么，嗯，嗯，啊&hellip;&hellip;真不用&hellip;&hellip;这样，快住口啊，这个店，好多人看、看着呢&hellip;&hellip;啊！天啊！我&hellip;&hellip;我要&hellip;&hellip;唔&hellip;&hellip;哈&hellip;&hellip;啊&hellip;&hellip;哎、店主你这又是何必呢&hellip;&hellip;哎、你又要干什么？快吐出来！别吞下去啊、哎&hellip;&hellip;
上***械,2017-01-13 13:09:08,挺好，不错。
你***8,2017-01-13 11:34:26,手机反应比较快手感也比较好
情***香,2017-01-13 01:02:09,华为不愧是国之骄傲，很好用又轻巧，手感好，总之真的很好用
杨***3,2017-01-12 23:14:14,已用半月，国际机崛起，值得信赖
2***g,2017-01-12 21:50:14,此用户没有填写评论!
t***0,2017-01-12 20:33:06,还好 曲面弧度不是很大 性能不错
1***0,2017-01-12 20:22:36,此用户没有填写评论!
c***3,2017-01-12 18:31:23,挺不错，不输苹果。
契***牲,2017-01-12 17:46:34,发货挺快的，还送有充电宝等小礼物
一***1,2017-01-12 07:50:36,手机用着还行，送的东西没一样能用的，耳机简直是批发市场那种10块钱一袋的那种，然后充电宝直接是个坏的，客服说让我寄回去换，换来估计也就那个样的东西也懒得寄了。
s***r,2017-01-11 16:54:21,此用户没有填写评论!
初***3,2017-01-11 14:08:23,此用户没有填写评论!
老***脑,2017-01-11 13:52:46,货可以，稍微有点小贵。
张***0,2017-01-11 13:09:18,此用户没有填写评论!
y***6,2017-01-11 12:56:56,用了好久来评价了，真心好用，高端大气，屏大气好看，系统运行流畅，软件下载快，给国货手机点赞！谢谢卖家耐心解释！
1***q,2017-01-11 12:08:40,此用户没有填写评论!
阿***8,2017-01-11 12:01:26,此用户没有填写评论!
朱***l,2017-01-11 08:18:10,服务很好，客服小乔很客气，服务很到位
许***5,2017-01-10 21:45:56,很好
t***1,2017-01-10 10:20:40,手机是正品，入手感觉不错，快递也给力，玩了一晚上才来评论的灰常强悍的机子。可以放心入手
l***1,2017-01-10 09:45:08,可以  是正品  国产给力
a***8,2017-01-09 20:07:59,此用户没有填写评论!
t***2,2017-01-09 18:59:03,此用户没有填写评论!
洳***玟,2017-01-09 14:06:21,手机真心不错哦
宇***0,2017-01-09 13:26:40,此用户没有填写评论!
丹***l,2017-01-09 10:49:13,晓亚服务态度好
r***d,2017-01-09 10:14:41,正在使用中，目前为止还比较满意，稍有瑕疵的地方是语音助手识别度感觉不太高，不过也能接受，香槟金颜色稍显暗，能再亮点就完美了。  继续使用，后期再追加使用心得 卖家服务响应很快，给个赞
m***7,2017-01-08 23:50:14,近几年来一直用华为，支持国产，刚开始感觉反应速度都还不错，希望长时间使用后不会变慢就好。 商家发货速度一般，并且没发票
s***7,2017-01-08 22:57:56,非常满意的购物体验。发货快，机器好，速度快，最喜欢前屏的指纹识别
t***2,2017-01-08 22:35:33,此用户没有填写评论!
双***缆,2017-01-08 21:07:49,此用户没有填写评论!
痞***飞,2017-01-08 20:07:32,东西是好。送的东西可以无视，送的移动电源太便宜了不敢用。
痞***飞,2017-01-08 20:06:56,东西是好。送的东西可以无视，送的移动电源太便宜了不敢用。
l***f,2017-01-08 19:53:07,此用户没有填写评论!
t***4,2017-01-08 14:20:17,小明
阿***包,2017-01-08 14:17:37,很漂亮！
t***1,2017-01-08 14:14:46,此用户没有填写评论!
浅***5,2017-01-08 12:34:25,手机应该是正品，目前用了几天也没发现什么大的毛病，贵了300也还在我的接受范围之内，本来一直想买荣耀magic的，可就是抢不到啊~等过段时间再追评吧
d***z,2017-01-08 11:29:54,帮客户买的，应该没问题。发货速度挺快的
y***x,2017-01-08 10:31:24,客观说之前也用过一段时间安卓但因为通病所以就还是用回了苹果 mate9pro我是用了有一周左右来评的 从各方面上来说除了自动下载浏览图片这个问题让我头疼以外 基本上跟苹果不想上下 希望华为可以为国人争脸 可以研发自己的系统 卖家很不错发货很及时 客服人很好
青***翠,2017-01-08 06:47:22,此用户没有填写评论!
a***3,2017-01-08 00:37:14,确实是，不错。速度快，反应快
霍***梅,2017-01-07 23:58:36,此用户没有填写评论!
r***姐,2017-01-07 23:47:16,此用户没有填写评论!
m***3,2017-01-07 22:56:36,很好用，速度飞快啊
不***6,2017-01-07 21:33:55,手机很好，支持国货，质量很好，祝愿我们祖国越来越强大。
夜***天,2017-01-07 18:00:39,真的很好，送很多赠品哦，感谢客服小小的五星服务。
w***1,2017-01-07 16:51:03,还可以用几天在说，
齐***1,2017-01-07 16:19:05,机子不错?
咕***1,2017-01-07 15:40:14,非常完美。值得拥有。发货速度也是超快，两天就到手中了。客户小小也很热情，超赞
雨***6,2017-01-07 14:55:02,屏小得心应手，反应速度快
r***丶,2017-01-07 14:43:36,看起来很好啊-但是并没有感觉比苹果更快
幽***姐,2017-01-07 14:21:58,图像清晰靓丽 强 悦耳 快 还不错 发货快，礼品多
y***0,2017-01-07 14:13:29,此用户没有填写评论!
武***杉,2017-01-07 13:21:43,此用户没有填写评论!
杨***2,2017-01-07 03:31:06,此用户没有填写评论!
t***2,2017-01-06 23:09:13,用了两天了，挺好的，反应快，外形也好看
z***5,2017-01-06 15:55:49,手机不错，拍照功能强大！感谢售后小倩和糖糖的耐心解答！
h***u,2017-01-06 14:29:36,挺不错，漂亮，新机，速度快
上***2,2017-01-06 14:27:59,此用户没有填写评论!
f***4,2017-01-06 13:01:44,拿到手机后的第一感觉是高大上 绝对的逼格够高 外表非常炫 应该是正品 拿到后全新未拆封 手感也非常好 曲屏非常舒适 关键是反应速度非常快 尤其是指纹解锁感应特别特别灵敏 最重要的是前置解锁 赠品中耳机一般 如果能送个钢化膜就更好了 非常满意
i***灬,2017-01-06 10:37:07,手机很不错，店家也很不错。
小***1,2017-01-05 21:12:21,此用户没有填写评论!
x***7,2017-01-05 19:30:13,此用户没有填写评论!
大***使,2017-01-05 17:05:01,此用户没有填写评论!
w***9,2017-01-05 16:56:47,手机不错，之前一直用goole，看了网上完胜goole piexl 对比的视频，决定换华为 快 好 清晰 客服娅子服务也很好，全五分
z***5,2017-01-05 13:47:12,此用户没有填写评论!
t***2,2017-01-05 12:18:54,不错
j***n,2017-01-05 08:25:49,货已经收到，是正品！
t***0,2017-01-05 01:20:30,系统流畅，曲面屏只曲了一点点，跟想象中还是有点差别，播放视频的时候好像声音跟口型不对？是只有我有这问题吗？
暧***深,2017-01-04 23:24:07,华为电话真的没的说，可以说是国产电话的骄傲！！！！！！！！！！！
陈***5,2017-01-04 22:08:49,<b></b>下<b></b>面<b></b>说<b></b>的<b></b>话<b></b>跟<b></b>店<b></b>家<b></b>没<b></b>任<b></b>何<b></b>关<b></b>系<b></b>。<b></b>货<b></b>是<b></b>新<b></b>货<b></b>。<b></b>快<b></b>递<b></b>顺<b></b>丰<b></b>速<b></b>度<b></b>也<b></b>很<b></b>好<b></b>。<b></b>最<b></b>坑<b></b>的<b></b>是<b></b>华<b></b>为<b></b>。<b></b>我<b></b>就<b></b>想<b></b>问<b></b>问<b></b>华<b></b>为<b></b>。<b></b>特<b></b>么<b></b>的<b></b>这<b></b>手<b></b>机<b></b>曲<b></b>屏<b></b>曲<b></b>在<b></b>哪<b></b>里<b></b>了<b></b>。<b></b>速<b></b>度<b></b>也<b></b>没<b></b>比<b></b>三<b></b>星<b></b>s<b></b>7<b></b>快<b></b>啊<b></b>。<b></b>炒<b></b>作<b></b>。<b></b>价<b></b>钱<b></b>还<b></b>不<b></b>便<b></b>宜<b></b>总<b></b>之<b></b>华<b></b>为<b></b>很<b></b>坑<b></b>爹<b></b>
y***9,2017-01-04 20:00:21,发货快，快递员服务好，正品。
s***t,2017-01-04 19:55:13,此用户没有填写评论!
顺***乐,2017-01-04 19:27:14,此用户没有填写评论!
m***7,2017-01-04 14:24:09,此用户没有填写评论!
t***6,2017-01-04 12:59:54,此用户没有填写评论!
萧***帅,2017-01-04 09:31:56,手机非常漂亮，系统很强大，不愧是华为旗舰&hellip;&hellip;一直纠结华为的内置按键，这次好了，曲面屏加前置指纹，最重要的是前置指纹键结合了所有虚拟按键功能，太强大了&hellip;&hellip;买家态度也非常棒，必须赞一个&hellip;&hellip;
夜***6,2017-01-04 00:11:26,此用户没有填写评论!
t***g,2017-01-03 22:39:34,非常非常满意 很满意的 非常快非常快 非常好 很好 特快，很快
i***2,2017-01-03 22:31:10,手机确实不错，就是贵了一点点，但是有礼品，因为你要买充电宝啊，什么的，送的充电宝啊！还转换头手机壳，应该还不错。
连***店,2017-01-03 21:09:15,客服的态度很好
c***n,2017-01-03 20:59:00,此用户没有填写评论!
h***6,2017-01-03 20:49:51,此用户没有填写评论!
江***0,2017-01-03 19:29:00,发货快
l***1,2017-01-03 17:28:24,此用户没有填写评论!
花***尘,2017-01-03 17:28:07,太满意了，果断放弃苹果了，真是国产的良心之作，反应快，像素高，电池耐用。希望大家也多多支持。
u***i,2017-01-03 16:03:44,此用户没有填写评论!
非***禁,2017-01-03 10:25:06,手机非常好，物流非常快，8个小时就到了，很满意，下次再来哦。
单***记,2017-01-03 10:05:37,东西收到了。唯一缺陷 包装不怎么好，  迪西 的服务很好
2***f,2017-01-03 07:44:54,中国的骄傲～！
d***0,2017-01-03 07:12:10,手机已经用了十多天了，不愧是安卓机皇，系统反应快，电池续航给力
鲁***8,2017-01-03 06:42:00,用了一段时间才来评价！确实非常好用！速度一流，颜值高，操做方便，好到没话说&hellip;华为Mate9pro值得拥有
z***9,2017-01-02 20:26:18,货运速度是顺丰隔日 也还挺快 客服小鱼儿的服务很好 东西还在用 现在感觉速度处理速度很快 但不知道能坚持多长时间 需要长时间验证
t***0,2017-01-02 17:12:50,感觉还可以，国产机有很大进步，但还没ios系统流畅程度好，会有一小部分微卡，总体满意。
t***3,2017-01-02 14:34:25,可以哦，还有好多功能待开发中
s***3,2017-01-02 13:46:20,特地用了几天再来评价，机器没的说，曲屏没有三星区的明显，不过丝毫不影响机器整体颜值及超强的性能，希望国产手机越做越好。
l***程,2017-01-02 11:40:46,不比苹果差！电池续航是苹果的3倍，照相效果特棒！偶尔触摸屏不太灵敏
一***虾,2017-01-02 11:27:01,用了几天才确认收货，pro确实不错，手感很好，也不卡顿。就是店家都不送膜，还好华为出厂自带的膜可以将就用几天。
幸***人,2017-01-02 11:12:58,太好看了，大小也正合适，非常棒
翁***0,2017-01-02 10:09:02,就觉得玫瑰金没有金色看着那么曲面。其他都还好，用后追评论，但是用的都不错，由于第一次用安卓系统，就选择了华为
小***鱼,2017-01-02 08:41:58,此用户没有填写评论!
x***9,2017-01-01 23:26:17,手机真的不错
y***5,2017-01-01 23:10:31,用了很久才来评价 手机外形很惊艳，开的应用多了仍会有卡顿的现在，有一次桌面还崩溃了，不知道怎么回事
y***2,2017-01-01 22:21:56,速度世界最快，手感超越其他一流手机。还在使用中。
t***6,2017-01-01 21:45:02,东西不错，值得推荐。
专***注,2017-01-01 15:27:19,正品
t***2,2017-01-01 13:23:27,很好很好！
l***8,2017-01-01 10:21:15,此用户没有填写评论!
b***0,2017-01-01 00:24:39,此用户没有填写评论!
痞***灬,2016-12-31 23:22:28,试着用下  过几天追评
一***8,2016-12-31 18:29:42,很不错
y***8,2016-12-31 18:01:54,此用户没有填写评论!
m***7,2016-12-31 17:41:57,手机很棒，很是喜欢。
随***2,2016-12-31 17:30:20,物流很快晚上下的单，第二天早上就到了，手机收到了如图一样很大气，重要的事是手机用着很快。
m***e,2016-12-31 16:35:00,此用户没有填写评论!
涵***天,2016-12-31 15:30:54,此用户没有填写评论!
c***c,2016-12-30 22:13:08,本次购机是本人在网上购物，发货速度最快的一次，收到货后，用了这几天，感觉非常不错，不管是做工、手感、系统、音质、摄像、照相、游戏都是很不错的，不过价格上还是稍贵了一点，票子稍宽裕的，还是值得购买的，毕竟此手机我认为是国产最漂亮的手机之一，最适合商务人人士之用 好 良好 很好 快 很好
雨***莲,2016-12-30 21:04:52,此用户没有填写评论!
随***猫,2016-12-30 15:00:52,此用户没有填写评论!
z***3,2016-12-30 13:08:20,正品行货，性能不错，指纹功能灵敏。
蓝***w,2016-12-30 12:07:34,<b></b>此<b></b>用<b></b>户<b></b>没<b></b>有<b></b>填<b></b>写<b></b>评<b></b>论<b></b>!<b></b>
青***o,2016-12-30 12:04:59,用了2天，确实好，一直用苹果的老公说很好，比苹果性价比高。
t***2,2016-12-30 09:22:39,非常喜欢，手机用起来非常好使。店家非常热情。
s***5,2016-12-30 00:06:20,之前买过P9plus,用了一阵子感觉还是不咋的就又用回原来的果6了，但是一直被果6那不经用的续航搞得难受，还有就是苹果的系统现在也老出问题，总算等到mate9Pro出来了,用了一下午加一晚上了,新系统杠杠的啊，这速度真心快。对了，店家发货那也是快啊?
y***8,2016-12-29 22:25:09,不错隔天到了
t***8,2016-12-29 21:02:34,不错
l***8,2016-12-29 21:01:23,此用户没有填写评论!
只***8,2016-12-29 17:09:12,真的很好  还送了很多礼品  这个价买到mate9pro  真的很好
曾***么,2016-12-29 14:50:20,此用户没有填写评论!
c***7,2016-12-29 13:31:59,手机到了当天下午就去了华为售后，手机很好一点问题没有?
x***6,2016-12-29 11:29:35,此用户没有填写评论!
北***8,2016-12-29 10:15:40,此用户没有填写评论!
大***h,2016-12-28 20:44:49,看着是正品  先用看
唐***9,2016-12-28 19:49:07,这像素超越我走位所有人。虽然还没验机，但这性能超越了所有山寨机。
l***5,2016-12-28 19:24:18,完美&hellip;很流畅&hellip;
咖***猪,2016-12-28 18:58:15,发货快，送的东西很多！
x***6,2016-12-28 13:40:23,刚到手。物流一般吧 没有很多评论里说的那么快 送了充电宝还有一些质量没有很好的东西 我是iphone7plus用户 感觉 华为也很棒 支持国产
星***f,2016-12-28 11:49:41,此用户没有填写评论!
董***中,2016-12-27 19:57:34,操作流畅性：质量很好，很喜欢！。
我***1,2016-12-27 14:54:38,店家服务一流，物流快递小哥不让验货，差评差评差评，快递说要验货他就直接退货，叫我别收，，你说气人不？我强行拆开包装的，他说我违反了快递公司规定，是真的吗？我要是不看一下外表，万一有损坏呢，对吧，又不是不知道你们物流是野蛮分拣！快递真的差劲！！！！握草
s***g,2016-12-27 13:41:02,感谢小玉的热情，手机正品，充电两小时充满
b***1,2016-12-27 12:25:35,不错，很好的店家
w***5,2016-12-27 09:55:12,此用户没有填写评论!
q***2,2016-12-27 01:23:29,此用户没有填写评论!
天***7,2016-12-26 21:16:03,此用户没有填写评论!
g***9,2016-12-26 20:07:11,颜值超高，功能强大。为这样的国货骄傲！
l***6,2016-12-26 19:01:05,此用户没有填写评论!
n***n,2016-12-26 18:36:13,好声音啊 秒一切市面上的手机 一个字快，就是快 信号没得说，一直是华为的强项 真快啊，一个小时妥妥的 服务真的很好。
y***1,2016-12-26 15:35:24,此用户没有填写评论!
咏***说,2016-12-26 15:32:43,<b></b>此<b></b>用<b></b>户<b></b>没<b></b>有<b></b>填<b></b>写<b></b>评<b></b>论<b></b>!<b></b>
d***g,2016-12-26 14:33:54,正品，非常好！发货特快！
t***0,2016-12-26 12:04:02,手机很漂亮非常喜欢非常满意
m***t,2016-12-26 11:45:29,感谢客服小小的热心服务！手机很好！
z***4,2016-12-26 10:51:51,此用户没有填写评论!
慕***唐,2016-12-26 09:55:05,外观很喜欢。  电池不错正常使用2天一冲。  华为手机越做越好了，只要国产货质量做好了，我想大家都是愿意支持的。 服务满意！
1***b,2016-12-26 08:33:30,手机速度超快，显示很细腻，很好
刘***好,2016-12-25 21:24:37,此用户没有填写评论!
怕***熊,2016-12-25 20:49:16,收到了，还有赠品。价格稍微贵了点，但是发货速度真快，包装很好，一点没有损害，很满意，五分。
l***6,2016-12-25 20:38:19,此用户没有填写评论!
李***萌,2016-12-25 15:40:22,用了几天才来评价，效果确实棒！搜搜客服介绍很周到，售后的糖糖客服，跳跳虎客服也很用心 ，总之很满意！
郭***6,2016-12-25 14:37:57,此用户没有填写评论!
g***0,2016-12-25 13:54:42,此用户没有填写评论!
d***7,2016-12-25 13:39:35,刚刚拿到手，确实不错啊！
一***3,2016-12-25 13:30:49,手机漂亮，发货快，好评
l***o,2016-12-25 12:20:46,此用户没有填写评论!
d***i,2016-12-25 10:44:18,此用户没有填写评论!
u***y,2016-12-24 22:41:15,新机速度确实快。护眼模式很舒服。其他到时候补评吧。
样***6,2016-12-24 21:36:08,此用户没有填写评论!
少***哥,2016-12-24 21:32:52,货真价实！第二次帮衬咯
芝***贝,2016-12-24 17:52:55,物流非常快，六点前下的订单，第二天中午就到了，手机很漂亮，刚上手功能还得熟悉一下。总之瞄上它很久了，算是给自己的圣诞礼物吧！
v***v,2016-12-24 15:11:20,手感非常好，运行速度也很快，总体评价就是好
腊***长,2016-12-24 14:40:28,很好用
s***9,2016-12-24 14:14:20,此用户没有填写评论!
t***5,2016-12-23 21:54:53,此用户没有填写评论!
t***6,2016-12-23 20:27:25,非常好！
z***o,2016-12-23 08:17:24,此用户没有填写评论!
q***2,2016-12-23 01:33:25,用了两天才来评价的，手感不错，速度飞快
x***e,2016-12-22 23:19:10,此用户没有填写评论!
张***祺,2016-12-22 20:41:50,手机很好，用的很流畅，很满意，也谢谢客服阿超，服务绝对的五星。
t***3,2016-12-22 20:03:16,此用户没有填写评论!
t***2,2016-12-22 15:08:10,此用户没有填写评论!
胡***图,2016-12-22 13:18:48,<b></b>此<b></b>用<b></b>户<b></b>没<b></b>有<b></b>填<b></b>写<b></b>评<b></b>论<b></b>!<b></b>
t***1,2016-12-22 13:16:58,此用户没有填写评论!
w***4,2016-12-22 13:01:22,拿回来手感很好，
v***8,2016-12-22 12:50:49,此用户没有填写评论!
g***s,2016-12-22 10:41:02,此用户没有填写评论!
e***7,2016-12-22 09:30:07,好 非常好 给100个赞
人***1,2016-12-22 09:23:19,机子做工很好,好不容易才找到这家，好看，运行流畅
q***t,2016-12-22 07:18:03,此用户没有填写评论!
绝***英,2016-12-21 23:57:58,就是快递有点慢，手机非常棒，过两天评价。
p***a,2016-12-21 22:25:23,一直用苹果，从4到7，第一次用华为！没想到效果这么好！而且速度也快，不到24小时就送到了！谢谢【搜搜妹妹】耐心的解答！
l***o,2016-12-21 20:51:54,此用户没有填写评论!
f***4,2016-12-21 20:22:50,超出预期的完美，除了电池容量比mate9小点，其它全部超越，卖家服务好，礼品也不错，加价也合理，总而言子很满意，客服五星服务
l***8,2016-12-21 19:54:15,可以  比超过5000多的良心很多
m***s,2016-12-21 17:51:31,此用户没有填写评论!
东***0,2016-12-21 17:39:30,反应速度超快?我喜欢
阿***逼,2016-12-21 15:27:04,手机是正品，送的手机套太合身了，都要抠不下来了。用的挺好的，物流快，服务也好，强烈推荐，就是价格再低一点就好了
w***2,2016-12-21 13:12:44,此用户没有填写评论!
l***6,2016-12-21 13:05:41,此用户没有填写评论!
y***o,2016-12-21 10:52:43,手机两个字，完美，暂时体验很好。
t***戴,2016-12-21 10:42:24,顺风炒鸡快，5点多下单，第二天中午就到了，手机很强大，电池很耐用，像素很高，拍照自带美颜，华为自带手机壳，简单好用，送的东东都很一般。
h***m,2016-12-21 09:23:23,此用户没有填写评论!
小***2,2016-12-20 22:58:25,<b></b>此<b></b>用<b></b>户<b></b>没<b></b>有<b></b>填<b></b>写<b></b>评<b></b>论<b></b>!<b></b>
d***3,2016-12-20 21:56:25,此用户没有填写评论!
奔***恩,2016-12-20 18:36:38,刚拿到手，手机没话说呀，挺漂亮的，国产现在很不错呀，还没怎么用，但是外管没得说，发货还挺快的???
白***0,2016-12-20 15:00:03,相当完美的机器。勘称工艺品，流畅无比。
咚***8,2016-12-20 14:37:37,此用户没有填写评论!
5***陌,2016-12-19 20:06:35,此用户没有填写评论!
米***子,2016-12-19 12:40:46,不愧为华为年度旗舰手机
